2024-10-16 14:57:02,21.44,65.23
2024-10-16 14:57:04,21.43,65.21
2024-10-16 14:57:06,21.42,65.2
2024-10-16 14:57:08,21.43,65.18
2024-10-16 14:57:10,21.43,65.18
2024-10-16 14:57:12,21.43,65.19
2024-10-16 14:57:14,21.43,65.14
2024-10-16 14:57:16,21.42,65.15
2024-10-16 14:57:18,21.42,65.14
2024-10-16 14:57:20,21.43,65.13
2024-10-16 14:57:22,21.4,65.12
2024-10-16 14:57:24,21.42,65.11
2024-10-16 14:57:26,21.43,65.08
2024-10-16 14:57:28,21.41,65.09
2024-10-16 14:57:30,21.42,65.08
2024-10-16 14:57:32,21.42,65.06
2024-10-16 14:57:34,21.43,65.07
2024-10-16 14:57:36,21.43,65.07
2024-10-16 14:57:38,21.43,65.07
2024-10-16 14:57:40,21.42,65.08
2024-10-16 14:57:42,21.43,65.07
2024-10-16 14:57:44,21.41,65.07
2024-10-16 14:57:46,21.44,65.07
2024-10-16 14:57:48,21.42,65.07
2024-10-16 14:57:50,21.43,65.08
2024-10-16 14:57:52,21.41,65.09
2024-10-16 14:57:54,21.43,65.1
2024-10-16 14:57:57,21.42,65.11
2024-10-16 14:57:59,21.43,65.1
2024-10-16 14:58:01,21.41,65.1
2024-10-16 14:58:03,21.44,65.11
2024-10-16 14:58:05,21.43,65.11
2024-10-16 14:58:07,21.42,65.12
2024-10-16 14:58:09,21.44,65.1
2024-10-16 14:58:11,21.43,65.09
2024-10-16 14:58:13,21.4,65.11
2024-10-16 14:58:15,21.43,65.1
2024-10-16 14:58:17,21.41,65.1
2024-10-16 14:58:19,21.41,65.1
2024-10-16 14:58:21,21.43,65.11
2024-10-16 14:58:23,21.43,65.11
2024-10-16 14:58:25,21.43,65.1
2024-10-16 14:58:27,21.42,65.1
2024-10-16 14:58:29,21.42,65.1
2024-10-16 14:58:31,21.44,65.08
2024-10-16 14:58:33,21.41,65.1
2024-10-16 14:58:35,21.45,65.11
2024-10-16 14:58:37,21.42,65.09
2024-10-16 14:58:39,21.41,65.08
2024-10-16 14:58:41,21.42,65.11
2024-10-16 14:58:43,21.4,65.09
2024-10-16 14:58:45,21.42,65.09
2024-10-16 14:58:47,21.42,65.08
2024-10-16 14:58:49,21.44,65.09
2024-10-16 14:58:51,21.43,65.1
2024-10-16 14:58:53,21.4,65.11
2024-10-16 14:58:55,21.41,65.11
2024-10-16 14:58:57,21.42,65.16
2024-10-16 14:58:59,21.43,65.16
2024-10-16 14:59:01,21.41,65.2
2024-10-16 14:59:03,21.42,65.21
2024-10-16 14:59:05,21.4,65.22
2024-10-16 14:59:07,21.43,65.25
2024-10-16 14:59:09,21.4,65.27
2024-10-16 14:59:11,21.41,65.3
2024-10-16 14:59:13,21.41,65.28
2024-10-16 14:59:15,21.44,65.31
2024-10-16 14:59:17,21.38,65.27
2024-10-16 14:59:19,21.41,65.3
2024-10-16 14:59:21,21.4,65.31
2024-10-16 14:59:23,21.41,65.34
2024-10-16 14:59:25,21.4,65.32
2024-10-16 14:59:27,21.41,65.33
2024-10-16 14:59:29,21.41,65.33
2024-10-16 14:59:31,21.41,65.37
2024-10-16 14:59:33,21.4,65.36
2024-10-16 14:59:35,21.41,65.41
2024-10-16 14:59:37,21.4,65.41
2024-10-16 14:59:39,21.42,65.45
2024-10-16 14:59:41,21.4,65.44
2024-10-16 14:59:43,21.41,65.47
2024-10-16 14:59:45,21.42,65.47
2024-10-16 14:59:47,21.42,65.53
2024-10-16 14:59:49,21.41,65.52
2024-10-16 14:59:51,21.41,65.51
2024-10-16 14:59:53,21.4,65.53
2024-10-16 14:59:55,21.41,65.52
2024-10-16 14:59:57,21.4,65.56
2024-10-16 14:59:59,21.39,65.56
2024-10-16 15:00:01,21.39,65.59
2024-10-16 15:00:03,21.39,65.57
2024-10-16 15:00:05,21.4,65.56
2024-10-16 15:00:07,21.4,65.56
2024-10-16 15:00:09,21.4,65.6
2024-10-16 15:00:11,21.39,65.6
2024-10-16 15:00:13,21.41,65.6
2024-10-16 15:00:15,21.38,65.6
2024-10-16 15:00:17,21.39,65.57
2024-10-16 15:00:19,21.38,65.58
2024-10-16 15:00:21,21.39,65.59
2024-10-16 15:00:23,21.38,65.57
2024-10-16 15:00:25,21.37,65.59
2024-10-16 15:00:27,21.37,65.58
2024-10-16 15:00:29,21.38,65.56
2024-10-16 15:00:31,21.39,65.53
2024-10-16 15:00:33,21.39,65.5
2024-10-16 15:00:35,21.38,65.49
2024-10-16 15:00:37,21.36,65.53
2024-10-16 15:00:39,21.38,65.5
2024-10-16 15:00:41,21.36,65.51
2024-10-16 15:00:43,21.39,65.52
2024-10-16 15:00:45,21.38,65.55
2024-10-16 15:00:47,21.38,65.55
2024-10-16 15:00:49,21.37,65.56
2024-10-16 15:00:51,21.38,65.55
2024-10-16 15:00:53,21.38,65.57
2024-10-16 15:00:55,21.37,65.59
2024-10-16 15:00:58,21.37,65.59
2024-10-16 15:01:00,21.36,65.59
2024-10-16 15:01:02,21.38,65.58
2024-10-16 15:01:04,21.39,65.59
2024-10-16 15:01:06,21.37,65.6
2024-10-16 15:01:08,21.37,65.6
2024-10-16 15:01:10,21.36,65.61
2024-10-16 15:01:12,21.35,65.6
2024-10-16 15:01:14,21.36,65.6
2024-10-16 15:01:16,21.36,65.63
2024-10-16 15:01:18,21.39,65.57
2024-10-16 15:01:20,21.34,65.57
2024-10-16 15:01:22,21.37,65.57
2024-10-16 15:01:24,21.37,65.59
2024-10-16 15:01:26,21.37,65.6
2024-10-16 15:01:28,21.36,65.62
2024-10-16 15:01:30,21.35,65.64
2024-10-16 15:01:32,21.37,65.61
2024-10-16 15:01:34,21.37,65.62
2024-10-16 15:01:36,21.36,65.61
2024-10-16 15:01:38,21.35,65.61
2024-10-16 15:01:40,21.36,65.63
2024-10-16 15:01:42,21.35,65.65
2024-10-16 15:01:44,21.35,65.62
2024-10-16 15:01:46,21.36,65.64
2024-10-16 15:01:48,21.36,65.66
2024-10-16 15:01:50,21.34,65.67
2024-10-16 15:01:54,21.37,65.64
2024-10-16 15:01:56,21.36,65.65
2024-10-16 15:01:58,21.36,65.67
2024-10-16 15:02:00,21.34,65.66
2024-10-16 15:02:02,21.38,65.68
2024-10-16 15:02:04,21.36,65.68
2024-10-16 15:02:06,21.36,65.7
2024-10-16 15:02:08,21.34,65.7
2024-10-16 15:02:10,21.36,65.74
2024-10-16 15:02:12,21.36,65.7
2024-10-16 15:02:14,21.35,65.7
2024-10-16 15:02:16,21.35,65.72
2024-10-16 15:02:18,21.35,65.73
2024-10-16 15:02:20,21.36,65.75
2024-10-16 15:02:22,21.38,65.75
2024-10-16 15:02:24,21.38,65.77
2024-10-16 15:02:26,21.36,65.71
2024-10-16 15:02:28,21.36,65.72
2024-10-16 15:02:30,21.37,65.69
2024-10-16 15:02:32,21.35,65.7
2024-10-16 15:02:34,21.37,65.67
2024-10-16 15:02:36,21.37,65.68
2024-10-16 15:02:38,21.36,65.69
2024-10-16 15:02:40,21.33,65.7
2024-10-16 15:02:42,21.36,65.7
2024-10-16 15:02:44,21.34,65.72
2024-10-16 15:02:46,21.35,65.7
2024-10-16 15:02:48,21.36,65.7
2024-10-16 15:02:50,21.37,65.67
2024-10-16 15:02:52,21.37,65.67
2024-10-16 15:02:54,21.36,65.65
2024-10-16 15:02:56,21.35,65.65
2024-10-16 15:02:58,21.36,65.61
2024-10-16 15:03:00,21.36,65.63
2024-10-16 15:03:02,21.36,65.61
2024-10-16 15:03:04,21.36,65.65
2024-10-16 15:03:06,21.36,65.59
2024-10-16 15:03:08,21.36,65.61
2024-10-16 15:03:10,21.37,65.62
2024-10-16 15:03:12,21.35,65.61
2024-10-16 15:03:14,21.36,65.6
2024-10-16 15:03:16,21.37,65.59
2024-10-16 15:03:18,21.36,65.59
2024-10-16 15:03:20,21.37,65.62
2024-10-16 15:03:22,21.39,65.61
2024-10-16 15:03:24,21.38,65.61
2024-10-16 15:03:26,21.36,65.62
2024-10-16 15:03:28,21.37,65.62
2024-10-16 15:03:30,21.36,65.63
2024-10-16 15:03:32,21.37,65.62
2024-10-16 15:03:34,21.36,65.63
2024-10-16 15:03:36,21.35,65.63
2024-10-16 15:03:38,21.37,65.62
2024-10-16 15:03:40,21.37,65.63
2024-10-16 15:03:42,21.37,65.61
2024-10-16 15:03:44,21.36,65.64
2024-10-16 15:03:46,21.36,65.6
2024-10-16 15:03:48,21.36,65.59
2024-10-16 15:03:50,21.37,65.59
2024-10-16 15:03:52,21.35,65.59
2024-10-16 15:03:54,21.37,65.57
2024-10-16 15:03:56,21.37,65.58
2024-10-16 15:03:58,21.36,65.58
2024-10-16 15:04:01,21.37,65.56
2024-10-16 15:04:03,21.36,65.56
2024-10-16 15:04:05,21.37,65.54
2024-10-16 15:04:07,21.36,65.55
2024-10-16 15:04:09,21.38,65.54
2024-10-16 15:04:11,21.37,65.52
2024-10-16 15:04:13,21.37,65.51
2024-10-16 15:04:15,21.37,65.52
2024-10-16 15:04:17,21.36,65.52
2024-10-16 15:04:19,21.38,65.51
2024-10-16 15:04:21,21.36,65.52
2024-10-16 15:04:23,21.37,65.54
2024-10-16 15:04:25,21.38,65.51
2024-10-16 15:04:27,21.39,65.5
2024-10-16 15:04:29,21.36,65.5
2024-10-16 15:04:31,21.36,65.5
2024-10-16 15:04:33,21.37,65.5
2024-10-17 17:32:22,22.83,52.98
2024-10-17 17:32:24,22.82,53.47
2024-10-17 17:32:26,22.83,54.15
2024-10-17 17:32:28,22.82,54.64
2024-10-17 17:32:30,22.81,54.48
2024-10-17 17:32:32,22.82,54.37
2024-10-17 17:32:34,22.82,54.32
2024-10-17 17:32:36,22.81,54.16
2024-10-17 17:32:38,22.82,53.92
2024-10-17 17:32:40,22.82,53.73
2024-10-17 17:32:42,22.83,53.58
2024-10-17 17:32:44,22.82,53.5
2024-10-17 17:32:46,22.81,53.42
2024-10-17 17:32:48,22.8,53.37
2024-10-17 17:32:50,22.83,53.31
2024-10-17 17:32:52,22.84,53.23
2024-10-17 17:32:54,22.82,53.21
2024-10-17 17:32:56,22.83,53.19
2024-10-17 17:32:58,22.79,53.12
2024-10-17 17:33:00,22.8,53.06
2024-10-17 17:33:02,22.81,53.05
2024-10-17 17:33:04,22.83,53.16
2024-10-17 17:33:06,22.82,53.19
2024-10-17 17:33:08,22.85,53.2
2024-10-17 17:33:10,22.82,53.3
2024-10-17 17:33:12,22.81,53.32
2024-10-17 17:33:14,22.81,53.31
2024-10-17 17:33:16,22.81,53.31
2024-10-17 17:33:18,22.81,53.33
2024-10-17 17:33:20,22.79,53.26
2024-10-17 17:33:22,22.85,53.21
2024-10-17 17:33:24,22.79,53.16
2024-10-17 17:33:26,22.83,53.12
2024-10-17 17:33:28,22.84,53.07
2024-10-17 17:33:30,22.83,53.34
2024-10-17 17:33:32,22.83,53.89
2024-10-17 17:33:34,22.85,53.93
2024-10-17 17:33:36,22.81,53.71
2024-10-17 17:33:38,22.8,53.31
2024-10-17 17:33:40,22.8,53.07
2024-10-17 17:33:42,22.79,52.97
2024-10-17 17:33:44,22.77,52.86
2024-10-17 17:33:46,22.77,52.85
2024-10-17 17:33:48,22.76,52.77
2024-10-17 17:33:50,22.75,52.73
2024-10-17 17:33:52,22.74,52.73
2024-10-17 17:33:54,22.75,52.78
2024-10-17 17:33:56,22.73,52.78
2024-10-17 17:33:58,22.71,52.78
2024-10-17 17:34:00,22.69,52.79
2024-10-17 17:34:02,22.7,52.87
2024-10-17 17:34:04,22.69,52.87
2024-10-17 17:34:06,22.68,52.94
2024-10-17 17:34:08,22.67,52.95
2024-10-17 17:34:10,22.66,53.0
2024-10-17 17:34:12,22.64,53.01
2024-10-17 17:34:14,22.64,53.06
2024-10-17 17:34:16,22.65,53.09
2024-10-17 17:34:18,22.62,53.17
2024-10-17 17:34:20,22.63,53.14
2024-10-17 17:34:22,22.6,53.16
2024-10-17 17:34:24,22.61,53.14
2024-10-17 17:34:26,22.6,53.12
2024-10-17 17:34:28,22.6,53.12
2024-10-17 17:34:30,22.56,53.14
2024-10-17 17:34:32,22.57,53.2
2024-10-17 17:34:34,22.55,53.21
2024-10-17 17:34:36,22.57,53.26
2024-10-17 17:34:38,22.55,53.27
2024-10-17 17:34:40,22.54,53.34
2024-10-17 17:34:43,22.54,53.32
2024-10-17 17:34:45,22.52,53.33
2024-10-17 17:34:47,22.51,53.31
2024-10-17 17:34:49,22.51,53.33
2024-10-17 17:34:51,22.53,53.35
2024-10-17 17:34:53,22.51,53.35
2024-10-17 17:34:55,22.51,53.34
2024-10-17 17:34:57,22.5,53.35
2024-10-17 17:34:59,22.5,53.39
2024-10-17 17:35:01,22.51,53.4
2024-10-17 17:35:03,22.47,53.4
2024-10-17 17:35:05,22.48,53.44
2024-10-17 17:35:07,22.47,53.42
2024-10-17 17:35:09,22.47,53.46
2024-10-17 17:35:11,22.47,53.48
2024-10-17 17:35:13,22.46,53.49
2024-10-17 17:35:15,22.47,53.5
2024-10-17 17:35:17,22.46,53.5
2024-10-17 17:35:19,22.46,53.55
2024-10-17 17:35:21,22.45,53.53
2024-10-17 17:35:23,22.46,53.57
2024-10-17 17:35:25,22.44,53.55
2024-10-17 17:35:27,22.45,53.56
2024-10-17 17:35:29,22.44,53.57
2024-10-17 17:35:31,22.44,53.57
2024-10-17 17:35:33,22.42,53.62
2024-10-17 17:35:35,22.44,53.63
2024-10-17 17:35:37,22.43,53.58
2024-10-17 17:35:39,22.41,53.6
2024-10-17 17:35:41,22.42,53.64
2024-10-17 17:35:43,22.42,53.6
2024-10-17 17:35:45,22.43,53.62
2024-10-17 17:35:47,22.4,53.62
2024-10-17 17:35:49,22.41,53.62
2024-10-17 17:35:51,22.43,53.64
2024-10-17 17:35:53,22.4,53.63
2024-10-17 17:35:55,22.4,53.65
2024-10-17 17:35:57,22.41,53.67
2024-10-17 17:35:59,22.39,53.63
2024-10-17 17:36:01,22.4,53.7
2024-10-17 17:36:03,22.4,53.69
2024-10-17 17:36:05,22.39,53.66
2024-10-17 17:36:07,22.41,53.7
2024-10-17 17:36:09,22.38,53.71
2024-10-17 17:36:11,22.37,53.7
2024-10-17 17:36:13,22.39,53.73
2024-10-17 17:36:15,22.38,53.72
2024-10-17 17:36:17,22.38,53.76
2024-10-17 17:36:19,22.37,53.74
2024-10-17 17:36:21,22.38,53.74
2024-10-17 17:36:23,22.37,53.78
2024-10-17 17:36:25,22.36,53.78
2024-10-17 17:36:27,22.38,53.82
2024-10-17 17:36:29,22.36,53.89
2024-10-17 17:36:31,22.35,53.94
2024-10-17 17:36:33,22.35,53.95
2024-10-17 17:36:35,22.36,53.94
2024-10-17 17:36:37,22.36,53.89
2024-10-17 17:36:39,22.36,53.89
2024-10-17 17:36:41,22.36,53.91
2024-10-17 17:36:43,22.35,53.93
2024-10-17 17:36:45,22.35,53.94
2024-10-17 17:36:47,22.33,53.99
2024-10-17 17:36:49,22.33,53.97
2024-10-17 17:36:51,22.35,53.99
2024-10-17 17:36:53,22.33,53.96
2024-10-17 17:36:55,22.35,53.94
2024-10-17 17:36:57,22.32,53.93
2024-10-17 17:36:59,22.33,53.99
2024-10-17 17:37:01,22.34,53.97
2024-10-17 17:37:03,22.31,53.96
2024-10-17 17:37:05,22.32,53.95
2024-10-17 17:37:07,22.32,53.93
2024-10-17 17:37:09,22.31,53.93
2024-10-17 17:37:11,22.31,53.92
2024-10-17 17:37:13,22.32,53.97
2024-10-17 17:37:15,22.3,53.96
2024-10-17 17:37:17,22.32,53.99
2024-10-17 17:37:19,22.3,53.98
2024-10-17 17:37:21,22.3,54.0
2024-10-17 17:37:23,22.32,54.02
2024-10-17 17:37:25,22.31,54.01
2024-10-17 17:37:27,22.29,54.05
2024-10-17 17:37:29,22.32,54.04
2024-10-17 17:37:31,22.31,54.03
2024-10-17 17:37:33,22.28,54.07
2024-10-17 17:37:35,22.31,54.06
2024-10-17 17:37:37,22.29,54.04
2024-10-17 17:37:39,22.29,54.01
2024-10-17 17:37:41,22.31,54.06
2024-10-17 17:37:43,22.28,54.02
2024-10-17 17:37:46,22.28,54.01
2024-10-17 17:37:48,22.29,54.01
2024-10-17 17:37:50,22.31,53.99
2024-10-17 17:37:52,22.3,53.97
2024-10-17 17:37:54,22.28,53.99
2024-10-17 17:37:56,22.29,53.99
2024-10-17 17:37:58,22.29,53.98
2024-10-17 17:38:00,22.31,53.98
2024-10-17 17:38:02,22.28,54.0
2024-10-17 17:38:04,22.27,53.99
2024-10-17 17:38:06,22.29,54.0
2024-10-17 17:38:08,22.29,54.01
2024-10-17 17:38:10,22.28,53.98
2024-10-17 17:38:12,22.29,53.99
2024-10-17 17:38:14,22.29,53.99
2024-10-17 17:38:16,22.28,54.01
2024-10-17 17:38:18,22.29,53.98
2024-10-17 17:38:20,22.28,54.0
2024-10-17 17:38:22,22.27,53.97
2024-10-17 17:38:24,22.26,53.96
2024-10-17 17:38:26,22.28,53.97
2024-10-17 17:38:28,22.25,54.0
2024-10-17 17:38:30,22.27,54.03
2024-10-17 17:38:32,22.27,53.97
2024-10-17 17:38:34,22.28,54.01
2024-10-17 17:38:36,22.25,54.01
2024-10-17 17:38:38,22.26,54.03
2024-10-17 17:38:40,22.27,54.05
2024-10-17 17:38:42,22.27,54.02
2024-10-17 17:38:44,22.28,54.04
2024-10-17 17:38:46,22.28,54.04
2024-10-17 17:38:48,22.26,54.04
2024-10-17 17:38:50,22.27,54.06
2024-10-17 17:38:52,22.27,54.02
2024-10-17 17:38:54,22.25,54.07
2024-10-17 17:38:56,22.27,54.01
2024-10-17 17:38:58,22.26,54.02
2024-10-17 17:39:00,22.25,54.02
2024-10-17 17:39:02,22.25,54.03
2024-10-17 17:39:04,22.25,54.03
2024-10-17 17:39:06,22.27,54.06
2024-10-17 17:39:08,22.24,54.02
2024-10-17 17:39:10,22.25,54.04
2024-10-17 17:39:12,22.26,54.04
2024-10-17 17:39:14,22.27,54.03
2024-10-17 17:39:16,22.27,54.04
2024-10-17 17:39:18,22.26,54.07
2024-10-17 17:39:20,22.27,54.06
2024-10-17 17:39:22,22.27,54.07
2024-10-17 17:39:24,22.25,54.09
2024-10-17 17:39:26,22.24,54.06
2024-10-17 17:39:28,22.25,54.04
2024-10-17 17:39:30,22.25,54.06
2024-10-17 17:39:32,22.26,54.05
2024-10-17 17:39:34,22.26,54.06
2024-10-17 17:39:36,22.24,54.06
2024-10-17 17:39:38,22.27,54.05
2024-10-17 17:39:40,22.24,54.07
2024-10-17 17:39:42,22.24,54.09
2024-10-17 17:39:44,22.25,54.06
2024-10-17 17:39:46,22.25,54.07
2024-10-17 17:39:48,22.25,54.08
2024-10-17 17:39:50,22.26,54.07
2024-10-17 17:39:52,22.25,54.06
2024-10-17 17:39:54,22.25,54.06
2024-10-17 17:39:56,22.26,54.09
2024-10-17 17:39:58,22.27,54.05
2024-10-17 17:40:00,22.25,54.04
2024-10-17 17:40:02,22.26,54.04
2024-10-17 17:40:04,22.24,54.06
2024-10-17 17:40:06,22.24,54.05
2024-10-17 17:40:08,22.26,54.05
2024-10-17 17:40:10,22.24,54.01
2024-10-17 17:40:12,22.25,54.03
2024-10-17 17:40:14,22.25,54.04
2024-10-17 17:40:16,22.25,54.02
2024-10-17 17:40:18,22.26,54.04
2024-10-17 17:40:20,22.25,54.02
2024-10-17 17:40:22,22.27,54.07
2024-10-17 17:40:24,22.23,54.04
2024-10-17 17:40:26,22.23,54.08
2024-10-17 17:40:28,22.25,54.02
2024-10-17 17:40:30,22.23,54.08
2024-10-17 17:40:32,22.25,54.04
2024-10-17 17:40:34,22.24,54.06
2024-10-17 17:40:36,22.25,54.05
2024-10-17 17:40:38,22.24,54.06
2024-10-17 17:40:40,22.23,54.07
2024-10-17 17:40:42,22.23,54.05
2024-10-17 17:40:44,22.23,54.06
2024-10-17 17:40:46,22.25,54.06
2024-10-17 17:40:49,22.25,54.07
2024-10-17 17:40:51,22.24,54.1
2024-10-17 17:40:53,22.24,54.08
2024-10-17 17:40:55,22.24,54.07
2024-10-17 17:40:57,22.25,54.1
2024-10-17 17:40:59,22.23,54.05
2024-10-17 17:41:01,22.24,54.07
2024-10-17 17:41:03,22.24,54.09
2024-10-17 17:41:05,22.25,54.13
2024-10-17 17:41:07,22.24,54.1
2024-10-17 17:41:09,22.23,54.13
2024-10-17 17:41:11,22.26,54.11
2024-10-17 17:41:13,22.24,54.1
2024-10-17 17:41:15,22.24,54.08
2024-10-17 17:41:17,22.25,54.12
2024-10-17 17:41:19,22.23,54.09
2024-10-17 17:41:21,22.23,54.09
2024-10-17 17:41:23,22.24,54.11
2024-10-17 17:41:25,22.24,54.1
2024-10-17 17:41:27,22.24,54.1
2024-10-17 17:41:29,22.24,54.1
2024-10-17 17:41:31,22.25,54.1
2024-10-17 17:41:33,22.24,54.13
2024-10-17 17:41:35,22.24,54.12
2024-10-17 17:41:37,22.23,54.11
2024-10-17 17:41:39,22.23,54.13
2024-10-17 17:41:41,22.25,54.11
2024-10-17 17:41:43,22.22,54.1
2024-10-17 17:41:45,22.23,54.11
2024-10-17 17:41:47,22.23,54.13
2024-10-17 17:41:49,22.24,54.09
2024-10-17 17:41:51,22.23,54.11
2024-10-17 17:41:53,22.24,54.12
2024-10-17 17:41:55,22.24,54.11
2024-10-17 17:41:57,22.23,54.11
2024-10-17 17:41:59,22.23,54.09
2024-10-17 17:42:01,22.23,54.11
2024-10-17 17:42:03,22.23,54.11
2024-10-17 17:42:05,22.25,54.11
2024-10-17 17:42:07,22.22,54.15
2024-10-17 17:42:09,22.2,54.14
2024-10-17 17:42:11,22.24,54.18
2024-10-17 17:42:13,22.22,54.11
2024-10-17 17:42:15,22.21,54.16
2024-10-17 17:42:17,22.2,54.12
2024-10-17 17:42:19,22.24,54.15
2024-10-17 17:42:21,22.21,54.11
2024-10-17 17:42:23,22.21,54.09
2024-10-17 17:42:25,22.22,54.11
2024-10-17 17:42:27,22.24,54.14
2024-10-17 17:42:29,22.23,54.14
2024-10-17 17:42:31,22.23,54.14
2024-10-17 17:42:33,22.2,54.14
2024-10-17 17:42:35,22.21,54.14
2024-10-17 17:42:37,22.22,54.11
2024-10-17 17:42:39,22.23,54.13
2024-10-17 17:42:41,22.21,54.12
2024-10-17 17:42:43,22.2,54.1
2024-10-17 17:42:45,22.23,54.14
2024-10-17 17:42:47,22.22,54.16
2024-10-17 17:42:49,22.21,54.15
2024-10-17 17:42:51,22.22,54.13
2024-10-17 17:42:53,22.22,54.15
2024-10-17 17:42:55,22.22,54.12
2024-10-17 17:42:57,22.22,54.15
2024-10-17 17:42:59,22.22,54.11
2024-10-17 17:43:01,22.23,54.15
2024-10-17 17:43:03,22.19,54.14
2024-10-17 17:43:05,22.22,54.14
2024-10-17 17:43:07,22.21,54.16
2024-10-17 17:43:09,22.22,54.19
2024-10-17 17:43:11,22.22,54.17
2024-10-17 17:43:13,22.2,54.17
2024-10-17 17:43:15,22.2,54.16
2024-10-17 17:43:17,22.21,54.15
2024-10-17 17:43:19,22.21,54.18
2024-10-17 17:43:21,22.21,54.17
2024-10-17 17:43:23,22.21,54.16
2024-10-17 17:43:25,22.2,54.18
2024-10-17 17:43:27,22.2,54.21
2024-10-17 17:43:29,22.23,54.16
2024-10-17 17:43:31,22.2,54.16
2024-10-17 17:43:33,22.21,54.2
2024-10-17 17:43:35,22.2,54.15
2024-10-17 17:43:37,22.22,54.15
2024-10-17 17:43:39,22.21,54.16
2024-10-17 17:43:41,22.2,54.17
2024-10-17 17:43:43,22.2,54.18
2024-10-17 17:43:45,22.2,54.16
2024-10-17 17:43:47,22.19,54.15
2024-10-17 17:43:49,22.21,54.15
2024-10-17 17:43:52,22.2,54.16
2024-10-17 17:43:54,22.22,54.17
2024-10-17 17:43:56,22.19,54.16
2024-10-17 17:43:58,22.22,54.15
2024-10-17 17:44:00,22.21,54.2
2024-10-17 17:44:02,22.2,54.15
2024-10-17 17:44:04,22.19,54.14
2024-10-17 17:44:06,22.19,54.15
2024-10-17 17:44:08,22.21,54.13
2024-10-17 17:44:10,22.2,54.16
2024-10-17 17:44:12,22.18,54.13
2024-10-17 17:44:14,22.21,54.16
2024-10-17 17:44:16,22.2,54.11
2024-10-17 17:44:18,22.2,54.14
2024-10-17 17:44:20,22.2,54.15
2024-10-17 17:44:22,22.18,54.17
2024-10-17 17:44:24,22.17,54.16
2024-10-17 17:44:26,22.22,54.17
2024-10-17 17:44:28,22.19,54.14
2024-10-17 17:44:30,22.19,54.17
2024-10-17 17:44:32,22.19,54.13
2024-10-17 17:44:34,22.19,54.16
2024-10-17 17:44:36,22.2,54.15
2024-10-17 17:44:38,22.18,54.16
2024-10-17 17:44:40,22.2,54.14
2024-10-17 17:44:42,22.2,54.15
2024-10-17 17:44:44,22.2,54.19
2024-10-17 17:44:46,22.19,54.19
2024-10-17 17:44:48,22.19,54.18
2024-10-17 17:44:50,22.18,54.14
2024-10-17 17:44:52,22.18,54.18
2024-10-17 17:44:54,22.19,54.18
2024-10-17 17:44:56,22.19,54.2
2024-10-17 17:44:58,22.2,54.15
2024-10-17 17:45:00,22.2,54.19
2024-10-17 17:45:02,22.17,54.15
2024-10-17 17:45:04,22.2,54.18
2024-10-17 17:45:06,22.19,54.19
2024-10-17 17:45:08,22.21,54.19
2024-10-17 17:45:10,22.19,54.18
2024-10-17 17:45:12,22.18,54.21
2024-10-17 17:45:14,22.19,54.16
2024-10-17 17:45:16,22.19,54.17
2024-10-17 17:45:18,22.2,54.2
2024-10-17 17:45:20,22.19,54.18
2024-10-17 17:45:22,22.19,54.2
2024-10-17 17:45:24,22.21,54.18
2024-10-17 17:45:26,22.18,54.21
2024-10-17 17:45:28,22.18,54.19
2024-10-17 17:45:30,22.19,54.19
2024-10-17 17:45:32,22.2,54.16
2024-10-17 17:45:34,22.19,54.2
2024-10-17 17:45:36,22.2,54.19
2024-10-17 17:45:38,22.19,54.15
2024-10-17 17:45:40,22.18,54.16
2024-10-17 17:45:42,22.18,54.15
2024-10-17 17:45:44,22.19,54.15
2024-10-17 17:45:46,22.2,54.17
2024-10-17 17:45:48,22.19,54.16
2024-10-17 17:45:50,22.16,54.17
2024-10-17 17:45:52,22.19,54.16
2024-10-17 17:45:54,22.18,54.17
2024-10-17 17:45:56,22.2,54.16
2024-10-17 17:45:58,22.2,54.15
2024-10-17 17:46:00,22.18,54.16
2024-10-17 17:46:02,22.19,54.15
2024-10-17 17:46:04,22.19,54.15
2024-10-17 17:46:06,22.18,54.17
2024-10-17 17:46:08,22.19,54.19
2024-10-17 17:46:10,22.16,54.17
2024-10-17 17:46:12,22.2,54.18
2024-10-17 17:46:14,22.18,54.17
2024-10-17 17:46:16,22.17,54.17
2024-10-17 17:46:18,22.16,54.17
2024-10-17 17:46:20,22.18,54.15
2024-10-17 17:46:22,22.17,54.19
2024-10-17 17:46:24,22.15,54.18
2024-10-17 17:46:26,22.16,54.16
2024-10-17 17:46:28,22.18,54.17
2024-10-17 17:46:30,22.18,54.24
2024-10-17 17:46:32,22.18,54.18
2024-10-17 17:46:34,22.18,54.17
2024-10-17 17:46:36,22.17,54.17
2024-10-17 17:46:38,22.16,54.22
2024-10-17 17:46:40,22.16,54.2
2024-10-17 17:46:42,22.16,54.19
2024-10-17 17:46:44,22.19,54.2
2024-10-17 17:46:46,22.19,54.21
2024-10-17 17:46:48,22.17,54.19
2024-10-17 17:46:50,22.17,54.16
2024-10-17 17:46:52,22.18,54.18
2024-10-17 17:46:55,22.19,54.17
2024-10-17 17:46:57,22.16,54.21
2024-10-17 17:46:59,22.16,54.21
2024-10-17 17:47:01,22.17,54.24
2024-10-17 17:47:03,22.17,54.21
2024-10-17 17:47:05,22.19,54.23
2024-10-17 17:47:07,22.18,54.24
2024-10-17 17:47:09,22.16,54.2
2024-10-17 17:47:11,22.16,54.22
2024-10-17 17:47:13,22.18,54.17
2024-10-17 17:47:15,22.17,54.19
2024-10-17 17:47:17,22.18,54.21
2024-10-17 17:47:19,22.18,54.21
2024-10-17 17:47:21,22.18,54.19
2024-10-17 17:47:23,22.18,54.17
2024-10-17 17:47:25,22.16,54.17
2024-10-17 17:47:27,22.19,54.17
2024-10-17 17:47:29,22.16,54.19
2024-10-17 17:47:31,22.16,54.17
2024-10-17 17:47:33,22.15,54.2
2024-10-17 17:47:35,22.16,54.18
2024-10-17 17:47:37,22.17,54.15
2024-10-17 17:47:39,22.17,54.16
2024-10-17 17:47:41,22.17,54.19
2024-10-17 17:47:43,22.16,54.14
2024-10-17 17:47:45,22.15,54.17
2024-10-17 17:47:47,22.15,54.16
2024-10-17 17:47:49,22.15,54.17
2024-10-17 17:47:51,22.16,54.21
2024-10-17 17:47:53,22.18,54.17
2024-10-17 17:47:55,22.18,54.17
2024-10-17 17:47:57,22.16,54.21
2024-10-17 17:47:59,22.18,54.19
2024-10-17 17:48:01,22.17,54.19
2024-10-17 17:48:03,22.18,54.21
2024-10-17 17:48:05,22.15,54.16
2024-10-17 17:48:07,22.17,54.19
2024-10-17 17:48:09,22.16,54.18
2024-10-17 17:48:11,22.15,54.17
2024-10-17 17:48:13,22.16,54.16
2024-10-17 17:48:15,22.18,54.14
2024-10-17 17:48:17,22.13,54.16
2024-10-17 17:48:19,22.16,54.18
2024-10-17 17:48:21,22.17,54.18
2024-10-17 17:48:23,22.16,54.2
2024-10-17 17:48:25,22.19,54.16
2024-10-17 17:48:27,22.16,54.16
2024-10-17 17:48:29,22.17,54.2
2024-10-17 17:48:31,22.15,54.15
2024-10-17 17:48:33,22.16,54.19
2024-10-17 17:48:35,22.16,54.15
2024-10-17 17:48:37,22.16,54.2
2024-10-17 17:48:39,22.15,54.15
2024-10-17 17:48:41,22.17,54.19
2024-10-17 17:48:43,22.18,54.21
2024-10-17 17:48:45,22.15,54.18
2024-10-17 17:48:47,22.13,54.18
2024-10-17 17:48:49,22.17,54.22
2024-10-17 17:48:51,22.16,54.18
2024-10-17 17:48:53,22.14,54.18
2024-10-17 17:48:55,22.15,54.17
2024-10-17 17:48:57,22.16,54.17
2024-10-17 17:48:59,22.15,54.18
2024-10-17 17:49:01,22.16,54.17
2024-10-17 17:49:03,22.15,54.15
2024-10-17 17:49:05,22.15,54.16
2024-10-17 17:49:07,22.14,54.17
2024-10-17 17:49:09,22.14,54.18
2024-10-17 17:49:11,22.15,54.21
2024-10-17 17:49:13,22.16,54.2
2024-10-17 17:49:15,22.16,54.19
2024-10-17 17:49:17,22.15,54.16
2024-10-17 17:49:19,22.16,54.18
2024-10-17 17:49:21,22.15,54.19
2024-10-17 17:49:23,22.17,54.18
2024-10-17 17:49:25,22.15,54.16
2024-10-17 17:49:27,22.16,54.18
2024-10-17 17:49:29,22.14,54.16
2024-10-17 17:49:31,22.16,54.19
2024-10-17 17:49:33,22.16,54.18
2024-10-17 17:49:35,22.15,54.18
2024-10-17 17:49:37,22.16,54.2
2024-10-17 17:49:39,22.14,54.19
2024-10-17 17:49:41,22.15,54.16
2024-10-17 17:49:43,22.15,54.18
2024-10-17 17:49:45,22.16,54.2
2024-10-17 17:49:47,22.17,54.16
2024-10-17 17:49:49,22.13,54.17
2024-10-17 17:49:51,22.14,54.16
2024-10-17 17:49:53,22.14,54.22
2024-10-17 17:49:55,22.15,54.19
2024-10-17 17:49:58,22.12,54.19
2024-10-17 17:50:00,22.13,54.19
2024-10-17 17:50:02,22.16,54.15
2024-10-17 17:50:04,22.13,54.21
2024-10-17 17:50:06,22.16,54.17
2024-10-17 17:50:08,22.15,54.16
2024-10-17 17:50:10,22.15,54.16
2024-10-17 17:50:12,22.16,54.2
2024-10-17 17:50:14,22.13,54.19
2024-10-17 17:50:16,22.15,54.18
2024-10-17 17:50:18,22.15,54.18
2024-10-17 17:50:20,22.14,54.17
2024-10-17 17:50:22,22.17,54.18
2024-10-17 17:50:24,22.14,54.19
2024-10-17 17:50:26,22.14,54.17
2024-10-17 17:50:28,22.15,54.17
2024-10-17 17:50:30,22.14,54.19
2024-10-17 17:50:32,22.13,54.16
2024-10-17 17:50:34,22.13,54.2
2024-10-17 17:50:36,22.13,54.18
2024-10-17 17:50:38,22.14,54.2
2024-10-17 17:50:40,22.15,54.21
2024-10-17 17:50:42,22.15,54.18
2024-10-17 17:50:44,22.12,54.19
2024-10-17 17:50:46,22.15,54.19
2024-10-17 17:50:48,22.13,54.17
2024-10-17 17:50:50,22.15,54.15
2024-10-17 17:50:52,22.13,54.17
2024-10-17 17:50:54,22.14,54.17
2024-10-17 17:50:56,22.14,54.15
2024-10-17 17:50:58,22.13,54.17
2024-10-17 17:51:00,22.15,54.17
2024-10-17 17:51:02,22.15,54.2
2024-10-17 17:51:04,22.12,54.18
2024-10-17 17:51:06,22.14,54.19
2024-10-17 17:51:08,22.14,54.17
2024-10-17 17:51:10,22.15,54.21
2024-10-17 17:51:12,22.13,54.17
2024-10-17 17:51:14,22.13,54.17
2024-10-17 17:51:16,22.13,54.2
2024-10-17 17:51:18,22.12,54.2
2024-10-17 17:51:20,22.16,54.18
2024-10-17 17:51:22,22.13,54.19
2024-10-17 17:51:24,22.15,54.22
2024-10-17 17:51:26,22.12,54.2
2024-10-17 17:51:28,22.14,54.17
2024-10-17 17:51:30,22.11,54.22
2024-10-17 17:51:32,22.12,54.23
2024-10-17 17:51:34,22.13,54.17
2024-10-17 17:51:36,22.12,54.2
2024-10-17 17:51:38,22.12,54.2
2024-10-17 17:51:40,22.15,54.21
2024-10-17 17:51:42,22.12,54.19
2024-10-17 17:51:44,22.12,54.22
2024-10-17 17:51:46,22.12,54.21
2024-10-17 17:51:48,22.12,54.22
2024-10-17 17:51:50,22.12,54.22
2024-10-17 17:51:52,22.12,54.23
2024-10-17 17:51:54,22.12,54.21
2024-10-17 17:51:56,22.13,54.22
2024-10-17 17:51:58,22.12,54.23
2024-10-17 17:52:00,22.12,54.24
2024-10-17 17:52:02,22.12,54.21
2024-10-17 17:52:04,22.12,54.21
2024-10-17 17:52:06,22.1,54.23
2024-10-17 17:52:08,22.12,54.23
2024-10-17 17:52:10,22.13,54.26
2024-10-17 17:52:12,22.13,54.26
2024-10-17 17:52:14,22.12,54.22
2024-10-17 17:52:16,22.13,54.2
2024-10-17 17:52:18,22.13,54.25
2024-10-17 17:52:20,22.12,54.23
2024-10-17 17:52:22,22.12,54.19
2024-10-17 17:52:24,22.13,54.27
2024-10-17 17:52:26,22.13,54.25
2024-10-17 17:52:28,22.14,54.26
2024-10-17 17:52:30,22.12,54.24
2024-10-17 17:52:32,22.12,54.23
2024-10-17 17:52:34,22.12,54.24
2024-10-17 17:52:36,22.12,54.28
2024-10-17 17:52:38,22.13,54.25
2024-10-17 17:52:40,22.14,54.28
2024-10-17 17:52:42,22.14,54.26
2024-10-17 17:52:44,22.13,54.26
2024-10-17 17:52:46,22.13,54.29
2024-10-17 17:52:48,22.12,54.25
2024-10-17 17:52:50,22.12,54.25
2024-10-17 17:52:52,22.12,54.27
2024-10-17 17:52:54,22.11,54.26
2024-10-17 17:52:56,22.13,54.24
2024-10-17 17:52:58,22.13,54.24
2024-10-17 17:53:01,22.12,54.21
2024-10-17 17:53:03,22.13,54.22
2024-10-17 17:53:05,22.13,54.22
2024-10-17 17:53:07,22.13,54.21
2024-10-17 17:53:09,22.13,54.22
2024-10-17 17:53:11,22.12,54.2
2024-10-17 17:53:13,22.12,54.27
2024-10-17 17:53:15,22.11,54.21
2024-10-17 17:53:17,22.12,54.24
2024-10-17 17:53:19,22.12,54.21
2024-10-17 17:53:21,22.12,54.26
2024-10-17 17:53:23,22.12,54.25
2024-10-17 17:53:25,22.12,54.25
2024-10-17 17:53:27,22.14,54.26
2024-10-17 17:53:29,22.13,54.28
2024-10-17 17:53:31,22.12,54.29
2024-10-17 17:53:33,22.13,54.25
2024-10-17 17:53:35,22.13,54.25
2024-10-17 17:53:37,22.09,54.23
2024-10-17 17:53:39,22.13,54.24
2024-10-17 17:53:41,22.11,54.25
2024-10-17 17:53:43,22.12,54.23
2024-10-17 17:53:45,22.13,54.23
2024-10-17 17:53:47,22.13,54.2
2024-10-17 17:53:49,22.12,54.21
2024-10-17 17:53:51,22.13,54.24
2024-10-17 17:53:53,22.13,54.2
2024-10-17 17:53:55,22.13,54.21
2024-10-17 17:53:57,22.11,54.23
2024-10-17 17:53:59,22.09,54.23
2024-10-17 17:54:01,22.11,54.23
2024-10-17 17:54:03,22.12,54.25
2024-10-17 17:54:05,22.12,54.23
2024-10-17 17:54:07,22.13,54.21
2024-10-17 17:54:09,22.11,54.23
2024-10-17 17:54:11,22.12,54.21
2024-10-17 17:54:13,22.13,54.24
2024-10-17 17:54:15,22.09,54.21
2024-10-17 17:54:17,22.12,54.21
2024-10-17 17:54:19,22.11,54.22
2024-10-17 17:54:21,22.11,54.21
2024-10-17 17:54:23,22.12,54.24
2024-10-17 17:54:25,22.09,54.21
2024-10-17 17:54:27,22.12,54.23
2024-10-17 17:54:29,22.12,54.25
2024-10-17 17:54:31,22.12,54.23
2024-10-17 17:54:33,22.1,54.25
2024-10-17 17:54:35,22.11,54.3
2024-10-17 17:54:37,22.12,54.25
2024-10-17 17:54:39,22.13,54.27
2024-10-17 17:54:41,22.12,54.26
2024-10-17 17:54:43,22.11,54.27
2024-10-17 17:54:45,22.11,54.27
2024-10-17 17:54:47,22.11,54.27
2024-10-17 17:54:49,22.12,54.22
2024-10-17 17:54:51,22.12,54.25
2024-10-17 17:54:53,22.1,54.24
2024-10-17 17:54:55,22.11,54.26
2024-10-17 17:54:57,22.12,54.27
2024-10-17 17:54:59,22.13,54.27
2024-10-17 17:55:01,22.13,54.23
2024-10-17 17:55:03,22.11,54.24
2024-10-17 17:55:05,22.12,54.24
2024-10-17 17:55:07,22.12,54.26
2024-10-17 17:55:09,22.12,54.23
2024-10-17 17:55:11,22.09,54.25
2024-10-17 17:55:13,22.11,54.26
2024-10-17 17:55:15,22.11,54.24
2024-10-17 17:55:17,22.12,54.25
2024-10-17 17:55:19,22.14,54.26
2024-10-17 17:55:21,22.11,54.27
2024-10-17 17:55:23,22.12,54.27
2024-10-17 17:55:25,22.09,54.28
2024-10-17 17:55:27,22.09,54.27
2024-10-17 17:55:29,22.11,54.28
2024-10-17 17:55:31,22.1,54.29
2024-10-17 17:55:33,22.11,54.28
2024-10-17 17:55:35,22.09,54.28
2024-10-17 17:55:37,22.12,54.29
2024-10-17 17:55:39,22.12,54.3
2024-10-17 17:55:41,22.12,54.29
2024-10-17 17:55:43,22.12,54.31
2024-10-17 17:55:45,22.09,54.28
2024-10-17 17:55:47,22.13,54.27
2024-10-17 17:55:49,22.1,54.29
2024-10-17 17:55:51,22.12,54.32
2024-10-17 17:55:53,22.12,54.25
2024-10-17 17:55:55,22.11,54.26
2024-10-17 17:55:57,22.07,54.26
2024-10-17 17:55:59,22.07,54.27
2024-10-17 17:56:02,22.1,54.29
2024-10-17 17:56:04,22.12,54.29
2024-10-17 17:56:06,22.12,54.28
2024-10-17 17:56:08,22.07,54.29
2024-10-17 17:56:10,22.1,54.28
2024-10-17 17:56:12,22.09,54.28
2024-10-17 17:56:14,22.1,54.27
2024-10-17 17:56:16,22.09,54.3
2024-10-17 17:56:18,22.11,54.31
2024-10-17 17:56:20,22.08,54.3
2024-10-17 17:56:22,22.09,54.31
2024-10-17 17:56:24,22.1,54.31
2024-10-17 17:56:26,22.09,54.32
2024-10-17 17:56:28,22.08,54.33
2024-10-17 17:56:30,22.09,54.32
2024-10-17 17:56:32,22.09,54.31
2024-10-17 17:56:34,22.09,54.31
2024-10-17 17:56:36,22.09,54.31
2024-10-17 17:56:38,22.09,54.31
2024-10-17 17:56:40,22.08,54.3
2024-10-17 17:56:42,22.08,54.32
2024-10-17 17:56:44,22.08,54.3
2024-10-17 17:56:46,22.08,54.29
2024-10-17 17:56:48,22.08,54.33
2024-10-17 17:56:50,22.09,54.32
2024-10-17 17:56:52,22.11,54.3
2024-10-17 17:56:54,22.09,54.34
2024-10-17 17:56:56,22.09,54.36
2024-10-17 17:56:58,22.09,54.31
2024-10-17 17:57:00,22.07,54.33
2024-10-17 17:57:02,22.08,54.27
2024-10-17 17:57:04,22.09,54.3
2024-10-17 17:57:06,22.09,54.31
2024-10-17 17:57:08,22.06,54.29
2024-10-17 17:57:10,22.09,54.32
2024-10-17 17:57:12,22.11,54.32
2024-10-17 17:57:14,22.09,54.31
2024-10-17 17:57:16,22.1,54.33
2024-10-17 17:57:18,22.09,54.3
2024-10-17 17:57:20,22.08,54.32
